{"loss": 0.6733694672584534, "_timestamp": 1700862832.0837667, "_runtime": 15.718650817871094, "_step": 3, "_wandb": {"runtime": 15}}