{"train/loss": 0.6917162537574768, "_timestamp": 1700867217.0087457, "_runtime": 17.26969265937805, "_step": 3, "_wandb": {"runtime": 485}}