{"loss": 0.676199734210968, "_timestamp": 1700860322.3463392, "_runtime": 162.39311027526855, "_step": 1}