{"loss": 0.23342476785182953, "_timestamp": 1700863744.6238546, "_runtime": 476.08075857162476, "_step": 240, "avgTrainLoss": 0.3084733188152313, "avgValLoss": 0.2353227287530899, "avgTestLoss": 0.4381684362888336, "_wandb": {"runtime": 474}}