{"loss": 0.6704415678977966, "_timestamp": 1700862947.1641674, "_runtime": 16.815202474594116, "_step": 3, "_wandb": {"runtime": 295}}