{"loss": 0.6935892105102539, "_timestamp": 1700860110.975219, "_runtime": 16.174989938735962, "_step": 5, "avgTrainLoss": 0.9310861229896545, "avgValLoss": 0.6895313262939453}