{"train/loss": 0.7087484002113342, "_timestamp": 1700866898.1118283, "_runtime": 15.643524408340454, "_step": 3, "_wandb": {"runtime": 286}}