{"loss": 0.2738879323005676, "_timestamp": 1700605449.189381, "_runtime": 466.3665838241577, "_step": 240, "avgTrainLoss": 0.37104925513267517, "avgValLoss": 0.28444162011146545, "avgTestLoss": 0.5373077392578125, "_wandb": {"runtime": 464}}